Reference, Quantity, Value, Footprint, Datasheet, Manf, Manufacturer, Manf#, Optn
C1 C6 C2 C7 C15 ,5,"22uF","Capacitor_SMD:C_0805_2012Metric","~","0805_C","","",""
C12 C13 ,2,"4.7uF","Capacitor_SMD:C_1206_3216Metric","~","1206_C","","",""
C14 C22 C21 C23 C26 C27 C29 C31 C33 C28 C30 C32 C34 ,13,"100nF","Capacitor_SMD:C_0805_2012Metric","~","0805_C","","",""
C16 ,1,"1nF","Capacitor_SMD:C_0603_1608Metric","~","0603_C","","",""
C17 ,1,"1nF","Capacitor_SMD:C_0805_2012Metric","~","0805_C","","",""
C19 ,1,"100n","Capacitor_SMD:C_0805_2012Metric","~","0805_C","","",""
C20 C18 ,2,"18pF","Capacitor_SMD:C_0603_1608Metric","~","0603_C","","",""
C24 ,1,"100uF","Capacitor_SMD:C_1206_3216Metric","~","1206_C","","",""
C25 ,1,"10uF","Capacitor_SMD:C_1206_3216Metric","~","1206_C","","",""
C3 C8 C9 C10 C11 ,5,"47uF","Capacitor_SMD:C_1206_3216Metric","~","1206_C","","",""
C5 C4 ,2,"22pF","Capacitor_SMD:C_0603_1608Metric","~","0603_C","","",""
CN1 ,1,"USB_B_Micro","Connector_USB:USB_Micro-B_Molex_47346-0001","~","USB MicroB Connector ","","Molex_47346",""
CN10 ,1,"1","mikroBUS:MIKROBUS_HOST_CONN","","Mikrobus Socket - 2x PinHeader_2.54mm 1x08 female","","",""
CN11 ,1,"2","mikroBUS:MIKROBUS_HOST_CONN","","Mikrobus Socket - 2x PinHeader_2.54mm 1x08 female","","",""
CN12 ,1,"UART0","Connector_PinHeader_2.54mm:PinHeader_1x04_P2.54mm_Vertical","~","PinHeader_2.54mm 1x04 male","","",""
CN13 ,1,"3","mikroBUS:MIKROBUS_HOST_CONN","","Mikrobus Socket - 2x PinHeader_2.54mm 1x08 female","","",""
CN14 ,1,"4","mikroBUS:MIKROBUS_HOST_CONN","","Mikrobus Socket - 2x PinHeader_2.54mm 1x08 female","","",""
CN15 ,1,"QWIIC#1","Connector_JST:JST_SH_SM04B-SRSS-TB_1x04-1MP_P1.00mm_Horizontal","~","JST_SH_SM04B-SRSS-TB_1x04-1MP_P1.00mm_Horizontal","","",""
CN16 ,1,"QWIIC#2","Connector_JST:JST_SH_SM04B-SRSS-TB_1x04-1MP_P1.00mm_Horizontal","~","JST_SH_SM04B-SRSS-TB_1x04-1MP_P1.00mm_Horizontal","","",""
CN17 ,1,"GROVE#1","Connector_JST:JST_PH_S4B-PH-SM4-TB_1x04-1MP_P2.00mm_Horizontal","~","JST_PH_S4B-PH-SM4-TB_1x04-1MP_P2.00mm_Horizontal","","",""
CN18 ,1,"GROVE#2","Connector_JST:JST_PH_S4B-PH-SM4-TB_1x04-1MP_P2.00mm_Horizontal","~","JST_PH_S4B-PH-SM4-TB_1x04-1MP_P2.00mm_Horizontal","","",""
CN2 ,1,"5V ","Connector_PinHeader_2.54mm:PinHeader_1x02_P2.54mm_Vertical","~","PinHeader_1x02_P2.54mm_Vertical","","",""
CN3 ,1,"MicroSD","Connector_Card:microSD_HC_Hirose_DM3D-SF","https://www.hirose.com/product/en/download_file/key_name/DM3/category/Catalog/doc_file_id/49662/?file_category_id=4&item_id=195&is_series=1","MicroSD Connector ","","Hirose_DM3D-SF",""
CN4 ,1,"HDMI","FF_Connectors:HDMI_TypeA","https://en.wikipedia.org/wiki/HDMI","HDMI Type A Connector","","",""
CN5 ,1,"USB_H2","Connector_USB:USB_A_Stewart_SS-52100-001_Horizontal"," ~","USB Type A Connector ","","Stewart_SS-52100-001_Horizontal",""
CN6 ,1,"USB_H3","Connector_USB:USB_A_Stewart_SS-52100-001_Horizontal"," ~","USB Type A Connector ","","Stewart_SS-52100-001_Horizontal",""
CN7 ,1,"USB_H4","Connector_USB:USB_A_Stewart_SS-52100-001_Horizontal"," ~","USB Type A Connector ","","Stewart_SS-52100-001_Horizontal",""
CN8 ,1,"FPC15","Connector_FFC-FPC:TE_1-84952-5_1x15-1MP_P1.0mm_Horizontal","~","FPC 15 Connector","","TE_1-84952-5_1x15-1MP_P1.0mm_Horizontal",""
CN9 ,1,"GPIO Exp0","Connector_PinHeader_2.54mm:PinHeader_2x08_P2.54mm_Vertical","~","PinHeader_2.54mm 2x08 male","","",""
D1 D2 D4 D6 ,4,"BAV99","Package_TO_SOT_SMD:SOT-23","https://assets.nexperia.com/documents/data-sheet/BAV99_SER.pdf","SOT-23","","",""
D3 D5 ,2,"RCLAMP0524P","FF_Diodes:RCLAMP0524P","","SLP2510P8-8","","",""
F1 ,1,"MSMF200","Fuse:Fuse_1812_4532Metric","~","SMD 1812","","",""
JP1 ,1,"I2C PU V Sel","Connector_PinHeader_2.54mm:PinHeader_1x03_P2.54mm_Vertical","~","PinHeader_1x03 male","","",""
JP2 ,1,"UART V Sel","Connector_PinHeader_2.54mm:PinHeader_1x03_P2.54mm_Vertical","~","PinHeader_1x03 male","","",""
JP3 ,1,"Cam Jpr","Connector_PinHeader_2.54mm:PinHeader_2x04_P2.54mm_Vertical","~","PinHeader_2x04 male","","",""
L1 L2 ,2,"2.2uH 3A","Inductor_SMD:L_Sunlord_MWSA0518_5.4x5.2mm","~","L_Sunlord_MWSA0518_5.4x5.2mm","","",""
L3 ,1,"Bead","Inductor_SMD:L_0805_2012Metric","~","0805_L","","",""
LD1 ,1,"3v3","LED_SMD:LED_0805_2012Metric","~","LED_0805","","",""
LD2 ,1,"ACT","LED_SMD:LED_0805_2012Metric","~","LED_0805","","",""
LD3 ,1,"WiFi","LED_SMD:LED_0805_2012Metric","~","LED_0805","","",""
LD4 ,1,"U_LED_1","LED_SMD:LED_0805_2012Metric","~","LED_0805","","",""
LD5 ,1,"U_LED_2","LED_SMD:LED_0805_2012Metric","~","LED_0805","","",""
LD6 ,1,"U_LED_3","LED_SMD:LED_0805_2012Metric","~","LED_0805","","",""
LD7 ,1,"U_LED_4","LED_SMD:LED_0805_2012Metric","~","LED_0805","","",""
MD1 ,1,"RPi Compute Module","RPi_CM:Conn_TE-DDR2-SODIMM-0.6-200P-doublesided","_","SODIMM 200","","TE-DDR2-SODIMM-0.6-200P-doublesided","_"
Q1 Q2 ,2,"S8050","Package_TO_SOT_SMD:SOT-23","~","S8050 SOT-23","","",""
R1 R2 R8 ,3,"100k","Resistor_SMD:R_0603_1608Metric","~","0603_R","","",""
R11 R10 R21 R17 R20 R16 R15 R14 ,8,"10k","Resistor_SMD:R_0603_1608Metric","~","0603_R","","",""
R12 ,1,"100","Resistor_SMD:R_0603_1608Metric","~","0603_R","","",""
R13 ,1,"1M","Resistor_SMD:R_0603_1608Metric","~","0603_R","","",""
R18 ,1,"1k","Resistor_SMD:R_0603_1608Metric","~","0603_R","","",""
R19 ,1,"12k","Resistor_SMD:R_0603_1608Metric","~","0603_R","","",""
R23 ,1,"4.7k","Resistor_SMD:R_0603_1608Metric","~","0603_R","","",""
R24 R25 R27 R26 R33 R32 R35 R34 R37 R36 R39 R38 ,12,"2.2k","Resistor_SMD:R_0603_1608Metric","~","0603_R","","",""
R3 R6 ,2,"150k","Resistor_SMD:R_0603_1608Metric","~","0603_R","","",""
R4 ,1,"33k","Resistor_SMD:R_0603_1608Metric","~","0603_R","","",""
R5 ,1,"300k","Resistor_SMD:R_0603_1608Metric","~","0603_R","","",""
R7 R28 R29 R30 R31 ,5,"220","Resistor_SMD:R_0603_1608Metric","~","0603_R","","",""
R9 R22 ,2,"330","Resistor_SMD:R_0603_1608Metric","~","0603_R","","",""
SW1 ,1,"Reset","Button_Switch_SMD:SW_SPST_B3U-1000P","~","Omron B3U-1000P","","",""
SW2 ,1,"User1","Button_Switch_SMD:SW_SPST_B3U-1000P","~","Omron B3U-1000P","","",""
SW3 ,1,"User2","Button_Switch_SMD:SW_SPST_B3U-1000P","~","Omron B3U-1000P","","",""
SW4 ,1,"User3","Button_Switch_SMD:SW_SPST_B3U-1000P","~","Omron B3U-1000P","","",""
TP1 TP2 TP5 TP9 TP8 TP7 TP6 TP4 TP3 ,9," ","TestPoint:TestPoint_Pad_D1.0mm","~"
U1 U2 ,2,"AP3402","Package_TO_SOT_SMD:TSOT-23-6","","TSOT-23-6","Diodes Incorporated","",""
U3 ,1,"USB2514B_Bi","Package_DFN_QFN:QFN-36-1EP_6x6mm_P0.5mm_EP3.7x3.7mm","http://ww1.microchip.com/downloads/en/DeviceDoc/00001692C.pdf","QFN-36","","",""
U4 ,1,"GWF_3M08","FF_Modules:GWF_3M08_WifiModule","https://www.futurashop.it/image/catalog/data/Download/2846-RT5370N.pdf","Kit Wifi GWF-3M08 ","","",""
U5 U6 ,2,"MIC2026-1BM","Package_SO:SOIC-8_3.9x4.9mm_P1.27mm","http://ww1.microchip.com/downloads/en/DeviceDoc/mic2026.pdf","SOIC-8","","",""
Y1 ,1,"24 MHz","Crystal:Crystal_SMD_5032-2Pin_5.0x3.2mm","~","SMD_5032","","",""